Company Name,Matched Name,Ticker,Score
3Com Corp,Altisource Asset Management Corp Com,AAMC,86
3M Company,3M Company,MMM,100
A.G. Edwards Inc.,Agilent Technologies Inc.,A,86
Abbott Laboratories,Abbott Laboratories,ABT,100
Abercrombie & Fitch Co.,Abercrombie & Fitch Company,ANF,90
ABM Industries Incorporated,ABM Industries Incorporated,ABM,100
Ace Hardware Corporation,Aluminum Corporation of China Limited American Depositary Shares,ACH,86
ACT Manufacturing Inc.,Altaba Inc.,AABA,86
Acterna Corp.,Altisource Asset Management Corp Com,AAMC,86
Adams Resources & Energy Inc.,Adams Resources & Energy Inc.,AE,100
ADC Telecommunications Inc.,Altaba Inc.,AABA,86
Adelphia Communications Corporation,SBA Communications Corporation,SBAC,88
Administaff Inc.,Agilent Technologies Inc.,A,86
Adobe Systems Incorporated,Adobe Inc.,ADBE,86
Adolph Coors Company,Archer-Daniels-Midland Company,ADM,86
Advance Auto Parts Inc.,Advance Auto Parts Inc W/I,AAP,95
Advanced Micro Devices. Inc.,Advanced Micro Devices Inc.,AMD,98
AdvancePCS Inc.,Agilent Technologies Inc.,A,86
Advantica Restaurant Group Inc.,Altaba Inc.,AABA,86
The AES Corporation,The AES Corporation,AES,100
Aetna Inc.,ATA Inc.,ATAI,88
Affiliated Computer Services Inc.,Altaba Inc.,AABA,86
AFLAC Incorporated,AFLAC Incorporated,AFL,100
AGCO Corporation,AGCO Corporation,AGCO,100
Agilent Technologies Inc.,Agilent Technologies Inc.,A,100
Agway Inc.,Agilent Technologies Inc.,A,86
Apartment Investment and Management Company,Apartment Investment and Management Company,AIV,100
Air Products and Chemicals Inc.,Air Products and Chemicals Inc.,APD,100
Airborne Inc.,Agilent Technologies Inc.,A,86
Airgas Inc.,Agilent Technologies Inc.,A,86
AK Steel Holding Corporation,AK Steel Holding Corporation,AKS,100
Alaska Air Group Inc.,Alaska Air Group Inc.,ALK,100
Alberto-Culver Company,American Equity Investment Life Holding Company,AEL,86
Albertson's Inc.,Agilent Technologies Inc.,A,86
Alcoa Inc.,Alico Inc.,ALCO,89
Alleghany Corporation,Alleghany Corporation,Y,100
Allegheny Energy Inc.,Altaba Inc.,AABA,86
Allegheny Technologies Incorporated,Allegheny Technologies Incorporated,ATI,100
Allergan Inc.,Agilent Technologies Inc.,A,86
ALLETE Inc.,Allete Inc.,ALE,100
Alliant Energy Corporation,Alliant Energy Corporation,LNT,100
Allied Waste Industries Inc.,Altaba Inc.,AABA,86
Allmerica Financial Corporation,FB Financial Corporation,FBK,88
The Allstate Corporation,Allstate Corporation (The),ALL,95
ALLTEL Corporation,Ball Corporation,BLL,88
The Alpine Group Inc.,Altaba Inc.,AABA,86
Amazon.com Inc.,Amazon.com Inc.,AMZN,100
AMC Entertainment Inc.,iPic Entertainment Inc.,IPIC,88
American Power Conversion Corporation,Alcoa Corporation,AA,86
Amerada Hess Corporation,Hess Corporation,HES,90
AMERCO,Amerco,UHAL,100
Ameren Corporation,Ameren Corporation,AEE,100
America West Holdings Corporation,Laboratory Corporation of America Holdings,LH,87
American Axle & Manufacturing Holdings Inc.,American Axle & Manufacturing Holdings Inc.,AXL,100
American Eagle Outfitters Inc.,American Eagle Outfitters Inc.,AEO,100
American Electric Power Company Inc.,American Electric Power Company Inc.,AEP,100
American Express Company,American Express Company,AXP,100
American Financial Group Inc.,American Financial Group Inc.,AFG,100
American Greetings Corporation,Alcoa Corporation,AA,86
American International Group Inc.,American International Group Inc.,AIG,100
American Standard Companies Inc.,Altaba Inc.,AABA,86
American Water Works Company Inc.,American Water Works Company Inc.,AWK,100
AmerisourceBergen Corporation,AmerisourceBergen Corporation,ABC,100
Ames Department Stores Inc.,Altaba Inc.,AABA,86
Amgen Inc.,Amgen Inc.,AMGN,100
Amkor Technology Inc.,Amkor Technology Inc.,AMKR,100
AMR Corporation,AMREP Corporation,AXR,94
AmSouth Bancorp.,MidSouth Bancorp,MSL,90
Amtran Inc.,ADTRAN Inc.,ADTN,90
Anadarko Petroleum Corporation,Anadarko Petroleum Corporation,APC,100
Analog Devices Inc.,Analog Devices Inc.,ADI,100
Anheuser-Busch Companies Inc.,Altaba Inc.,AABA,86
Anixter International Inc.,Anixter International Inc.,AXE,100
AnnTaylor Inc.,Agilent Technologies Inc.,A,86
Anthem Inc.,Anthem Inc.,ANTM,100
AOL Time Warner Inc.,Altaba Inc.,AABA,86
Aon Corporation,Atrion Corporation,ATRI,91
Apache Corporation,Apache Corporation,APA,100
Apple Computer Inc.,Altaba Inc.,AABA,86
Applera Corporation,PPL Corporation,PPL,88
Applied Industrial Technologies Inc.,Applied Industrial Technologies Inc.,AIT,100
Applied Materials Inc.,Applied Materials Inc.,AMAT,100
Aquila Inc.,Agilent Technologies Inc.,A,86
ARAMARK Corporation,Aramark,ARMK,90
Arch Coal Inc.,Arch Coal Inc. Class A,ARCH,90
Archer Daniels Midland Company,Archer-Daniels-Midland Company,ADM,100
Arkansas Best Corporation,Aluminum Corporation of China Limited American Depositary Shares,ACH,86
Armstrong Holdings Inc.,Altaba Inc.,AABA,86
Arrow Electronics Inc.,Arrow Electronics Inc.,ARW,100
ArvinMeritor Inc.,Agilent Technologies Inc.,A,86
Ashland Inc.,Agilent Technologies Inc.,A,86
Astoria Financial Corporation,Coastal Financial Corporation,CCB,90
AT&T Corp.,Altisource Asset Management Corp Com,AAMC,86
Atmel Corporation,AMREP Corporation,AXR,88
Atmos Energy Corporation,Atmos Energy Corporation,ATO,100
Audiovox Corporation,Aluminum Corporation of China Limited American Depositary Shares,ACH,86
Autoliv Inc.,Autoliv Inc.,ALV,100
Automatic Data Processing Inc.,Automatic Data Processing Inc.,ADP,100
AutoNation Inc.,AutoNation Inc.,AN,100
AutoZone Inc.,AutoZone Inc.,AZO,100
Avaya Inc.,Agilent Technologies Inc.,A,86
Avery Dennison Corporation,Avery Dennison Corporation,AVY,100
Avista Corporation,Avista Corporation,AVA,100
Avnet Inc.,Avnet Inc.,AVT,100
Avon Products Inc.,Avon Products Inc.,AVP,100
Baker Hughes Incorporated,Bassett Furniture Industries Incorporated,BSET,86
Ball Corporation,Ball Corporation,BLL,100
Bank of America Corporation,Bank of America Corporation,BAC,100
The Bank of New York Company Inc.,Altaba Inc.,AABA,86
Bank One Corporation,Banner Corporation,BANR,89
Banknorth Group Inc.,Altaba Inc.,AABA,86
Banta Corporation,Atlantic American Corporation,AAME,86
Barnes & Noble Inc.,Barnes & Noble Inc.,BKS,100
Bausch & Lomb Incorporated,ASGN Incorporated,ASGN,86
Baxter International Inc.,Baxter International Inc.,BAX,100
BB&T Corporation,BB&T Corporation,BBT,100
The Bear Stearns Companies Inc.,Altaba Inc.,AABA,86
Beazer Homes USA Inc.,Beazer Homes USA Inc.,BZH,100
Beckman Coulter Inc.,Altaba Inc.,AABA,86
Becton Dickinson and Company,Becton Dickinson and Company,BDX,100
Bed Bath & Beyond Inc.,Bed Bath & Beyond Inc.,BBBY,100
Belk Inc.,Agilent Technologies Inc.,A,86
Bell Microproducts Inc.,Altaba Inc.,AABA,86
BellSouth Corporation,Aluminum Corporation of China Limited American Depositary Shares,ACH,86
Belo Corp.,A.H. Belo Corporation (TX),AHC,90
Bemis Company Inc.,Bemis Company Inc.,BMS,100
Benchmark Electronics Inc.,Benchmark Electronics Inc.,BHE,100
Berkshire Hathaway Inc.,Berkshire Hathaway Inc.,BRK.A,100
Best Buy Co. Inc.,Best Buy Co. Inc.,BBY,100
Bethlehem Steel Corporation,Alcoa Corporation,AA,86
Beverly Enterprises Inc.,Altaba Inc.,AABA,86
Big Lots Inc.,Big Lots Inc.,BIG,100
BJ Services Company,Acadia Healthcare Company Inc.,ACHC,86
BJ's Wholesale Club Inc.,BJ's Wholesale Club Holdings Inc.,BJ,95
The Black & Decker Corporation,Alcoa Corporation,AA,86
Black Hills Corporation,Black Hills Corporation,BKH,100
BMC Software Inc.,Agilent Technologies Inc.,A,86
The Boeing Company,The Boeing Company,BA,100
Boise Cascade Corporation,Aluminum Corporation of China Limited American Depositary Shares,ACH,86
Borders Group Inc.,Altaba Inc.,AABA,86
BorgWarner Inc.,BorgWarner Inc.,BWA,100
Boston Scientific Corporation,Boston Scientific Corporation,BSX,100
Bowater Incorporated,Allegheny Technologies Incorporated,ATI,86
Briggs & Stratton Corporation,Briggs & Stratton Corporation,BGG,100
Brightpoint Inc.,Agilent Technologies Inc.,A,86
Brinker International Inc.,Brinker International Inc.,EAT,100
Bristol-Myers Squibb Company,Bristol-Myers Squibb Company,BMY,100
Broadwing Inc.,Agilent Technologies Inc.,A,86
Brown Shoe Company Inc.,Brown & Brown Inc.,BRO,95
Brown-Forman Corporation,Aluminum Corporation of China Limited American Depositary Shares,ACH,86
Brunswick Corporation,Brunswick Corporation,BC,100
Budget Group Inc.,Avis Budget Group Inc.,CAR,95
Burlington Coat Factory Warehouse Corporation,Alcoa Corporation,AA,86
Burlington Industries Inc.,Burlington Stores Inc.,BURL,87
Burlington Northern Santa Fe Corporation,Alcoa Corporation,AA,86
Burlington Resources Inc.,Burlington Stores Inc.,BURL,89
C. H. Robinson Worldwide Inc.,C.H. Robinson Worldwide Inc.,CHRW,98
Cablevision Systems Corp,Altisource Asset Management Corp Com,AAMC,86
Cabot Corp,Cabot Corporation,CBT,90
Cadence Design Systems Inc.,Cadence Design Systems Inc.,CDNS,100
Calpine Corp.,Altisource Asset Management Corp Com,AAMC,86
Campbell Soup Co.,Arthur J. Gallagher & Co.,AJG,86
Capital One Financial Corp.,Capital One Financial Corporation,COF,88
Cardinal Health Inc.,Cardinal Health Inc.,CAH,100
Caremark Rx Inc.,Agilent Technologies Inc.,A,86
Carlisle Cos. Inc.,Altaba Inc.,AABA,86
Carpenter Technology Corp.,Carpenter Technology Corporation,CRS,88
Casey's General Stores Inc.,Caseys General Stores Inc.,CASY,98
Caterpillar Inc.,Caterpillar Inc.,CAT,100
CBRL Group Inc.,Agilent Technologies Inc.,A,86
CDI Corp.,Altisource Asset Management Corp Com,AAMC,86
CDW Computer Centers Inc.,Altaba Inc.,AABA,86
CellStar Corp.,Altisource Asset Management Corp Com,AAMC,86
Cendant Corp,Altisource Asset Management Corp Com,AAMC,86
Cenex Harvest States Cooperatives,United States Oil Fund,USO,86
Centex Corp.,Altisource Asset Management Corp Com,AAMC,86
CenturyTel Inc.,Agilent Technologies Inc.,A,86
Ceridian Corp.,Altisource Asset Management Corp Com,AAMC,86
CH2M Hill Cos. Ltd.,ABB Ltd,ABB,86
Champion Enterprises Inc.,Altaba Inc.,AABA,86
Charles Schwab Corp.,Charles Schwab Corporation (The),SCHW,90
Charming Shoppes Inc.,Altaba Inc.,AABA,86
Charter Communications Inc.,Charter Communications Inc.,CHTR,100
Charter One Financial Inc.,Altaba Inc.,AABA,86
ChevronTexaco Corp.,Altisource Asset Management Corp Com,AAMC,86
Chiquita Brands International Inc.,Altaba Inc.,AABA,86
Chubb Corp,Altisource Asset Management Corp Com,AAMC,86
Ciena Corp.,Ciena Corporation,CIEN,90
Cigna Corp,Cigna Corporation,CI,90
Cincinnati Financial Corp.,Cincinnati Financial Corporation,CINF,88
Cinergy Corp.,Altisource Asset Management Corp Com,AAMC,86
Cintas Corp.,Cintas Corporation,CTAS,90
Circuit City Stores Inc.,Altaba Inc.,AABA,86
Cisco Systems Inc.,Cisco Systems Inc.,CSCO,100
Citigroup Inc,Citigroup Inc.,C,100
Citizens Communications Co.,Alaska Communications Systems Group Inc.,ALSK,86
CKE Restaurants Inc.,Altaba Inc.,AABA,86
Clear Channel Communications Inc.,Altaba Inc.,AABA,86
The Clorox Co.,Arthur J. Gallagher & Co.,AJG,86
CMGI Inc.,CGI Inc.,GIB,93
CMS Energy Corp.,Altisource Asset Management Corp Com,AAMC,86
CNF Inc.,Agilent Technologies Inc.,A,86
Coca-Cola Co.,Coca-Cola Consolidated Inc.,COKE,90
Coca-Cola Enterprises Inc.,Altaba Inc.,AABA,86
Colgate-Palmolive Co.,Colgate-Palmolive Company,CL,89
Collins & Aikman Corp.,Altisource Asset Management Corp Com,AAMC,86
Comcast Corp.,Comcast Corporation Class A Common Stock,CMCSA,90
Comdisco Inc.,Agilent Technologies Inc.,A,86
Comerica Inc.,Comerica Incorporated,CMA,90
Comfort Systems USA Inc.,Comfort Systems USA Inc.,FIX,100
Commercial Metals Co.,Commercial Metals Company,CMC,89
Community Health Systems Inc.,Community Health Systems Inc.,CYH,100
Compass Bancshares Inc,Altaba Inc.,AABA,86
Computer Associates International Inc.,Agilent Technologies Inc.,A,86
Computer Sciences Corp.,Altisource Asset Management Corp Com,AAMC,86
Compuware Corp.,Altisource Asset Management Corp Com,AAMC,86
Comverse Technology Inc.,Altaba Inc.,AABA,86
ConAgra Foods Inc.,Altaba Inc.,AABA,86
Concord EFS Inc.,Agilent Technologies Inc.,A,86
Conectiv Inc,Agilent Technologies Inc.,A,86
Conoco Inc,Agilent Technologies Inc.,A,86
Conseco Inc.,Agilent Technologies Inc.,A,86
Consolidated Freightways Corp.,AeroCentury Corp.,ACY,86
Consolidated Edison Inc.,Consolidated Edison Inc.,ED,100
Constellation Brands Inc.,Constellation Brands Inc.,STZ,100
Constellation Emergy Group Inc.,Altaba Inc.,AABA,86
Continental Airlines Inc.,Altaba Inc.,AABA,86
Convergys Corp.,Altisource Asset Management Corp Com,AAMC,86
Cooper Cameron Corp.,Altisource Asset Management Corp Com,AAMC,86
Cooper Industries Ltd.,ABB Ltd,ABB,86
Cooper Tire & Rubber Co.,Cooper Tire & Rubber Company,CTB,90
Corn Products International Inc.,Altaba Inc.,AABA,86
Corning Inc.,Corning Incorporated,GLW,90
Costco Wholesale Corp.,Altisource Asset Management Corp Com,AAMC,86
Countrywide Credit Industries Inc.,Altaba Inc.,AABA,86
Coventry Health Care Inc.,Altaba Inc.,AABA,86
Cox Communications Inc.,LSC Communications Inc.,LKSD,91
Crane Co.,Crane Co.,CR,100
Crompton Corp.,Altisource Asset Management Corp Com,AAMC,86
Crown Cork & Seal Co. Inc.,Altaba Inc.,AABA,86
CSK Auto Corp.,Altisource Asset Management Corp Com,AAMC,86
CSX Corp.,CSX Corporation,CSX,90
Cummins Inc.,Cummins Inc.,CMI,100
CVS Corp.,Altisource Asset Management Corp Com,AAMC,86
Cytec Industries Inc.,Astec Industries Inc.,ASTE,90
D&K Healthcare Resources Inc.,Altaba Inc.,AABA,86
D.R. Horton Inc.,D.R. Horton Inc.,DHI,100
Dana Corporation,Danaos Corporation,DAC,94
Danaher Corporation,Danaher Corporation,DHR,100
Darden Restaurants Inc.,Darden Restaurants Inc.,DRI,100
DaVita Inc.,DaVita Inc.,DVA,100
Dean Foods Company,Dean Foods Company,DF,100
Deere & Company,Deere & Company,DE,100
Del Monte Foods Co,Art's-Way Manufacturing Co. Inc.,ARTW,86
Dell Computer Corporation,Aluminum Corporation of China Limited American Depositary Shares,ACH,86
Delphi Corp.,Altisource Asset Management Corp Com,AAMC,86
Delta Air Lines Inc.,Delta Air Lines Inc.,DAL,100
Deluxe Corporation,Deluxe Corporation,DLX,100
Devon Energy Corporation,Devon Energy Corporation,DVN,100
Di Giorgio Corporation,Aluminum Corporation of China Limited American Depositary Shares,ACH,86
Dial Corporation,Ball Corporation,BLL,88
Diebold Incorporated,Diebold Nixdorf Incorporated,DBD,95
Dillard's Inc.,Dillard's Inc.,DDS,100
DIMON Incorporated,ABM Industries Incorporated,ABM,86
Dole Food Company Inc.,Altaba Inc.,AABA,86
Dollar General Corporation,Dollar General Corporation,DG,100
Dollar Tree Stores Inc.,Dollar Tree Inc.,DLTR,95
Dominion Resources Inc.,Altaba Inc.,AABA,86
Domino's Pizza LLC,Domino's Pizza Inc,DPZ,89
Dover Corporation Inc.,Dover Corporation,DOV,95
Dow Chemical Company,Archer-Daniels-Midland Company,ADM,86
Dow Jones & Company Inc.,Altaba Inc.,AABA,86
DPL Inc.,Agilent Technologies Inc.,A,86
DQE Inc.,Agilent Technologies Inc.,A,86
Dreyer's Grand Ice Cream Inc.,Altaba Inc.,AABA,86
DST Systems Inc.,GSE Systems Inc.,GVP,87
DTE Energy Co.,Adams Resources & Energy Inc.,AE,86
E.I. Du Pont de Nemours and Company,Altus Midstream Company,ALTM,86
Duke Energy Corp,Duke Energy Corporation (Holding Company),DUK,90
Dun & Bradstreet Inc.,Altaba Inc.,AABA,86
DURA Automotive Systems Inc.,China Automotive Systems Inc.,CAAS,87
DynCorp,,NOT FOUND,0
Dynegy Inc.,Agilent Technologies Inc.,A,86
E*Trade Group Inc.,Era Group Inc.,ERA,87
E.W. Scripps Company,E.W. Scripps Company (The),SSP,95
Earthlink Inc.,Agilent Technologies Inc.,A,86
Eastman Chemical Company,Eastman Chemical Company,EMN,100
Eastman Kodak Company,Eastman Kodak Company Common New,KODK,90
Eaton Corporation,Eaton Corporation PLC,ETN,95
Echostar Communications Corporation,SBA Communications Corporation,SBAC,89
Ecolab Inc.,Ecolab Inc.,ECL,100
Edison International,Edison International,EIX,100
EGL Inc.,Agilent Technologies Inc.,A,86
El Paso Corporation,Atlantic American Corporation,AAME,86
Electronic Arts Inc.,Electronic Arts Inc.,EA,100
Electronic Data Systems Corp.,AeroCentury Corp.,ACY,86
Eli Lilly and Company,Eli Lilly and Company,LLY,100
EMC Corporation,FMC Corporation,FMC,93
Emcor Group Inc.,EMCOR Group Inc.,EME,100
Emerson Electric Co.,Emerson Electric Company,EMR,88
Encompass Services Corporation,Alcoa Corporation,AA,86
Energizer Holdings Inc.,Energizer Holdings Inc.,ENR,100
Energy East Corporation,Aluminum Corporation of China Limited American Depositary Shares,ACH,86
Engelhard Corporation,Aluminum Corporation of China Limited American Depositary Shares,ACH,86
Enron Corp.,Altisource Asset Management Corp Com,AAMC,86
Entergy Corporation,Entergy Corporation,ETR,100
Enterprise Products Partners L.P.,Enterprise Products Partners L.P.,EPD,100
EOG Resources Inc.,EOG Resources Inc.,EOG,100
Equifax Inc.,Equifax Inc.,EFX,100
Equitable Resources Inc.,Altaba Inc.,AABA,86
Equity Office Properties Trust,Arbor Realty Trust,ABR,86
Equity Residential Properties Trust,Arbor Realty Trust,ABR,86
Estee Lauder Companies Inc.,Estee Lauder Companies Inc. (The),EL,95
Exelon Corporation,Exelon Corporation,EXC,100
Exide Technologies,American Electric Technologies Inc.,AETI,86
Expeditors International of Washington Inc.,Expeditors International of Washington Inc.,EXPD,100
Express Scripts Inc.,Altaba Inc.,AABA,86
ExxonMobil Corporation,Exxon Mobil Corporation,XOM,98
Fairchild Semiconductor International Inc.,Agilent Technologies Inc.,A,86
Family Dollar Stores Inc.,Altaba Inc.,AABA,86
Farmland Industries Inc.,Friedman Industries Inc.,FRD,87
Federal Mogul Corp.,Altisource Asset Management Corp Com,AAMC,86
Federated Department Stores Inc.,Altaba Inc.,AABA,86
Federal Express Corp.,Altisource Asset Management Corp Com,AAMC,86
Felcor Lodging Trust Inc.,Altaba Inc.,AABA,86
Ferro Corp.,Ferro Corporation,FOE,90
Fidelity National Financial Inc.,FNF Group of Fidelity National Financial Inc.,FNF,95
Fifth Third Bancorp,Fifth Third Bancorp,FITB,100
First American Financial Corp.,Ambev S.A. American Depositary Shares (Each representing 1),ABEV,86
First Data Corp.,First Data Corporation Class A,FDC,90
First National of Nebraska Inc.,Altaba Inc.,AABA,86
First Tennessee National Corp.,AeroCentury Corp.,ACY,86
FirstEnergy Corp.,FirstEnergy Corp.,FE,100
Fiserv Inc.,Fiserv Inc.,FISV,100
Fisher Scientific International Inc.,Altaba Inc.,AABA,86
FleetBoston Financial Co.,ASE Technology Holding Co. Ltd. American Depositary Shares (each representing Two),ASX,86
Fleetwood Enterprises Inc.,Altaba Inc.,AABA,86
Fleming Companies Inc.,Altaba Inc.,AABA,86
Flowers Foods Inc.,Flowers Foods Inc.,FLO,100
Flowserv Corp,Altisource Asset Management Corp Com,AAMC,86
Fluor Corp,Fluor Corporation,FLR,90
FMC Corp,FMC Corporation,FMC,90
Foamex International Inc,CompX International Inc.,CIX,89
Foot Locker Inc,Foot Locker Inc.,FL,100
Footstar Inc.,Agilent Technologies Inc.,A,86
Ford Motor Co,Arthur J. Gallagher & Co.,AJG,86
Forest Laboratories Inc.,Altaba Inc.,AABA,86
Fortune Brands Inc.,Altaba Inc.,AABA,86
Foster Wheeler Ltd.,ABB Ltd,ABB,86
FPL Group Inc.,Agilent Technologies Inc.,A,86
Franklin Resources Inc.,Franklin Resources Inc.,BEN,100
Freeport McMoran Copper & Gold Inc.,Altaba Inc.,AABA,86
Frontier Oil Corp,Altisource Asset Management Corp Com,AAMC,86
Furniture Brands International Inc.,Altaba Inc.,AABA,86
Gannett Co. Inc.,Gannett Co. Inc.,GCI,100
Gap Inc.,Gap Inc. (The),GPS,90
Gateway Inc.,Agilent Technologies Inc.,A,86
GATX Corporation,GATX Corporation,GATX,100
Gemstar-TV Guide International Inc.,Altaba Inc.,AABA,86
GenCorp Inc.,Agilent Technologies Inc.,A,86
General Cable Corporation,Aluminum Corporation of China Limited American Depositary Shares,ACH,86
General Dynamics Corporation,General Dynamics Corporation,GD,100
General Electric Company,General Electric Company,GE,100
General Mills Inc,General Mills Inc.,GIS,100
General Motors Corporation,Alcoa Corporation,AA,86
Genesis Health Ventures Inc.,Altaba Inc.,AABA,86
Gentek Inc.,Agilent Technologies Inc.,A,86
Gentiva Health Services Inc.,Altaba Inc.,AABA,86
Genuine Parts Company,Genuine Parts Company,GPC,100
Genuity Inc.,Agilent Technologies Inc.,A,86
Genzyme Corporation,Atlantic American Corporation,AAME,86
Georgia Gulf Corporation,Aluminum Corporation of China Limited American Depositary Shares,ACH,86
Georgia-Pacific Corporation,Alcoa Corporation,AA,86
Gillette Company,Acadia Healthcare Company Inc.,ACHC,86
Gold Kist Inc.,Agilent Technologies Inc.,A,86
Golden State Bancorp Inc.,Altaba Inc.,AABA,86
Golden West Financial Corporation,FB Financial Corporation,FBK,88
Goldman Sachs Group Inc.,Goldman Sachs Group Inc. (The),GS,95
Goodrich Corporation,Aluminum Corporation of China Limited American Depositary Shares,ACH,86
The Goodyear Tire & Rubber Company,The Goodyear Tire & Rubber Company,GT,100
Granite Construction Incorporated,Granite Construction Incorporated,GVA,100
Graybar Electric Company Inc.,Altaba Inc.,AABA,86
Great Lakes Chemical Corporation,Westlake Chemical Corporation,WLK,89
Great Plains Energy Inc.,Altaba Inc.,AABA,86
GreenPoint Financial Corp.,AeroCentury Corp.,ACY,86
Greif Bros. Corporation,Aluminum Corporation of China Limited American Depositary Shares,ACH,86
Grey Global Group Inc.,Berry Global Group Inc.,BERY,88
Group 1 Automotive Inc.,Group 1 Automotive Inc.,GPI,100
Guidant Corporation,Atlantic American Corporation,AAME,86
H&R Block Inc.,H&R Block Inc.,HRB,100
H.B. Fuller Company,H. B. Fuller Company,FUL,97
H.J. Heinz Company,Acadia Healthcare Company Inc.,ACHC,86
Halliburton Co.,Arthur J. Gallagher & Co.,AJG,86
Harley-Davidson Inc.,Harley-Davidson Inc.,HOG,100
Harman International Industries Inc.,Altaba Inc.,AABA,86
Harrah's Entertainment Inc.,Altaba Inc.,AABA,86
Harris Corp.,Harris Corporation,HRS,90
Harsco Corp.,Harsco Corporation,HSC,90
Hartford Financial Services Group Inc.,Hartford Financial Services Group Inc. (The),HIG,95
Hasbro Inc.,Hasbro Inc.,HAS,100
Hawaiian Electric Industries Inc.,Hawaiian Electric Industries Inc.,HE,100
HCA Inc.,Agilent Technologies Inc.,A,86
Health Management Associates Inc.,Altaba Inc.,AABA,86
Health Net Inc.,Agilent Technologies Inc.,A,86
Healthsouth Corp,Altisource Asset Management Corp Com,AAMC,86
Henry Schein Inc.,Henry Schein Inc.,HSIC,100
Hercules Inc.,Agilent Technologies Inc.,A,86
Herman Miller Inc.,Herman Miller Inc.,MLHR,100
Hershey Foods Corp.,Altisource Asset Management Corp Com,AAMC,86
Hewlett-Packard Company,Hewlett Packard Enterprise Company,HPE,95
Hibernia Corp.,Altisource Asset Management Corp Com,AAMC,86
Hillenbrand Industries Inc.,Altaba Inc.,AABA,86
Hilton Hotels Corp.,Altisource Asset Management Corp Com,AAMC,86
Hollywood Entertainment Corp.,AeroCentury Corp.,ACY,86
Home Depot Inc.,Home Depot Inc. (The),HD,95
Hon Industries Inc.,Thor Industries Inc.,THO,92
Honeywell International Inc.,Honeywell International Inc.,HON,100
Hormel Foods Corp.,Altisource Asset Management Corp Com,AAMC,86
Host Marriott Corp.,Altisource Asset Management Corp Com,AAMC,86
Household International Corp.,AeroCentury Corp.,ACY,86
Hovnanian Enterprises Inc.,Hovnanian Enterprises Inc. Class A,HOV,95
Hub Group Inc.,Hub Group Inc.,HUBG,100
Hubbell Inc.,Hubbell Inc,HUBB,100
Hughes Supply Inc.,Altaba Inc.,AABA,86
Humana Inc.,Humana Inc.,HUM,100
Huntington Bancshares Inc.,Altaba Inc.,AABA,86
Idacorp Inc.,IDACORP Inc.,IDA,100
IDT Corporation,IDT Corporation Class B,IDT,90
IKON Office Solutions Inc.,Altaba Inc.,AABA,86
Illinois Tool Works Inc.,Illinois Tool Works Inc.,ITW,100
IMC Global Inc.,DMC Global Inc.,BOOM,93
Imperial Sugar Company,American Equity Investment Life Holding Company,AEL,86
IMS Health Inc.,Agilent Technologies Inc.,A,86
Ingles Market Inc,Altaba Inc.,AABA,86
Ingram Micro Inc.,Agilent Technologies Inc.,A,86
Insight Enterprises Inc.,Insight Enterprises Inc.,NSIT,100
Integrated Electrical Services Inc.,Altaba Inc.,AABA,86
Intel Corporation,Intel Corporation,INTC,100
International Paper Co.,International Paper Company,IP,90
Interpublic Group of Companies Inc.,Interpublic Group of Companies Inc. (The),IPG,95
Interstate Bakeries Corporation,Alcoa Corporation,AA,86
International Business Machines Corp.,International Business Machines Corporation,IBM,91
International Flavors & Fragrances Inc.,Internationa Flavors & Fragrances Inc.,IFF,99
International Multifoods Corporation,Alcoa Corporation,AA,86
Intuit Inc.,Intuit Inc.,INTU,100
IT Group Inc.,CIT Group Inc (DEL),CIT,90
ITT Industries Inc.,Schmitt Industries Inc.,SMIT,90
Ivax Corp.,Altisource Asset Management Corp Com,AAMC,86
J.B. Hunt Transport Services Inc.,J.B. Hunt Transport Services Inc.,JBHT,100
J.C. Penny Co.,Arthur J. Gallagher & Co.,AJG,86
J.P. Morgan Chase & Co.,JP Morgan Chase & Co.,JPM,95
Jabil Circuit Inc.,Altaba Inc.,AABA,86
Jack In The Box Inc.,Jack In The Box Inc.,JACK,100
Jacobs Engineering Group Inc.,Jacobs Engineering Group Inc.,JEC,100
JDS Uniphase Corp.,Altisource Asset Management Corp Com,AAMC,86
Jefferson-Pilot Co.,Art's-Way Manufacturing Co. Inc.,ARTW,86
John Hancock Financial Services Inc.,CB Financial Services Inc.,CBFV,89
Johnson & Johnson,Johnson & Johnson,JNJ,100
Johnson Controls Inc.,Johnson & Johnson,JNJ,95
Jones Apparel Group Inc.,Altaba Inc.,AABA,86
KB Home,KB Home,KBH,100
Kellogg Company,Kellogg Company,K,100
Kellwood Company,Acadia Healthcare Company Inc.,ACHC,86
Kelly Services Inc.,Kelly Services Inc. Class A Common Stock,KELYA,90
Kemet Corp.,KEMET Corporation,KEM,90
Kennametal Inc.,Kennametal Inc.,KMT,100
Kerr-McGee Corporation,Aluminum Corporation of China Limited American Depositary Shares,ACH,86
KeyCorp,KeyCorp,KEY,100
KeySpan Corp.,Altisource Asset Management Corp Com,AAMC,86
Kimball International Inc.,Kimball International Inc.,KBAL,100
Kimberly-Clark Corporation,Kimberly-Clark Corporation,KMB,100
Kindred Healthcare Inc.,Altaba Inc.,AABA,86
KLA-Tencor Corporation,KLA-Tencor Corporation,KLAC,100
K-Mart Corp.,Altisource Asset Management Corp Com,AAMC,86
Knight-Ridder Inc.,Altaba Inc.,AABA,86
Kohl's Corp.,Kohl's Corporation,KSS,90
KPMG Consulting Inc.,Altaba Inc.,AABA,86
Kroger Co.,Kroger Company (The),KR,90
L-3 Communications Holdings Inc.,Cogent Communications Holdings Inc.,CCOI,88
Laboratory Corporation of America Holdings,Laboratory Corporation of America Holdings,LH,100
Lam Research Corporation,Lam Research Corporation,LRCX,100
LandAmerica Financial Group Inc.,American Financial Group Inc.,AFG,92
Lands' End Inc.,Lands' End Inc.,LE,100
Landstar System Inc.,Landstar System Inc.,LSTR,100
La-Z-Boy Inc.,La-Z-Boy Incorporated,LZB,90
Lear Corporation,Lear Corporation,LEA,100
Legg Mason Inc.,Legg Mason Inc.,LM,100
Leggett & Platt Inc.,Altaba Inc.,AABA,86
Lehman Brothers Holdings Inc.,Altaba Inc.,AABA,86
Lennar Corporation,Lennar Corporation Class A,LEN,95
Lennox International Inc.,Lennox International Inc.,LII,100
Level 3 Communications Inc.,Altaba Inc.,AABA,86
Levi Strauss & Co.,Art's-Way Manufacturing Co. Inc.,ARTW,86
Lexmark International Inc.,Altaba Inc.,AABA,86
Limited Inc.,Agilent Technologies Inc.,A,86
Lincoln National Corporation,Lincoln National Corporation,LNC,100
Linens 'n Things Inc.,Altaba Inc.,AABA,86
Lithia Motors Inc.,Lithia Motors Inc.,LAD,100
Liz Claiborne Inc.,Altaba Inc.,AABA,86
Lockheed Martin Corporation,Lockheed Martin Corporation,LMT,100
Loews Corporation,Loews Corporation,L,100
Longs Drug Stores Corporation,Alcoa Corporation,AA,86
Louisiana-Pacific Corporation,Louisiana-Pacific Corporation,LPX,100
Lowe's Companies Inc.,Lowe's Companies Inc.,LOW,100
LSI Logic Corporation,Aluminum Corporation of China Limited American Depositary Shares,ACH,86
The LTV Corporation,Atlantic American Corporation,AAME,86
The Lubrizol Corporation,Aluminum Corporation of China Limited American Depositary Shares,ACH,86
Lucent Technologies Inc.,Agilent Technologies Inc.,A,89
Lyondell Chemical Company,American Equity Investment Life Holding Company,AEL,86
M & T Bank Corporation,M&T Bank Corporation,MTB,95
Magellan Health Services Inc.,Magellan Health Inc.,MGLN,95
Mail-Well Inc.,Agilent Technologies Inc.,A,86
Mandalay Resort Group,ADDvantage Technologies Group Inc.,AEY,86
Manor Care Inc.,Agilent Technologies Inc.,A,86
Manpower Inc.,Agilent Technologies Inc.,A,86
Marathon Oil Corporation,Marathon Oil Corporation,MRO,100
Mariner Health Care Inc.,Altaba Inc.,AABA,86
Markel Corporation,Markel Corporation,MKL,100
Marriott International Inc.,Marriott International,MAR,95
Marsh & McLennan Companies Inc.,Marsh & McLennan Companies Inc.,MMC,100
Marsh Supermarkets Inc.,Altaba Inc.,AABA,86
Marshall & Ilsley Corporation,Alcoa Corporation,AA,86
Martin Marietta Materials Inc.,Martin Marietta Materials Inc.,MLM,100
Masco Corporation,Masco Corporation,MAS,100
Massey Energy Company,American Equity Investment Life Holding Company,AEL,86
MasTec Inc.,MasTec Inc.,MTZ,100
Mattel Inc.,Mattel Inc.,MAT,100
Maxim Integrated Products Inc.,Maxim Integrated Products Inc.,MXIM,100
Maxtor Corporation,Daxor Corporation,DXR,91
Maxxam Inc.,Agilent Technologies Inc.,A,86
The May Department Stores Company,The AES Corporation,AES,86
Maytag Corporation,Atlantic American Corporation,AAME,86
MBNA Corporation,Ball Corporation,BLL,88
McCormick & Company Incorporated,McCormick & Company Incorporated,MKC,100
McDonald's Corporation,McDonald's Corporation,MCD,100
The McGraw-Hill Companies Inc.,Altaba Inc.,AABA,86
McKesson Corporation,McKesson Corporation,MCK,100
McLeodUSA Incorporated,Allegheny Technologies Incorporated,ATI,86
M.D.C. Holdings Inc.,M.D.C. Holdings Inc.,MDC,100
MDU Resources Group Inc.,MDU Resources Group Inc. (Holding Company),MDU,90
MeadWestvaco Corporation,Aluminum Corporation of China Limited American Depositary Shares,ACH,86
Medtronic Inc.,NIC Inc.,EGOV,90
Mellon Financial Corporation,Fulton Financial Corporation,FULT,89
The Men's Wearhouse Inc.,Altaba Inc.,AABA,86
Merck & Co. Inc.,Agilent Technologies Inc.,A,86
Mercury General Corporation,Mercury General Corporation,MCY,100
Merrill Lynch & Co. Inc.,Altaba Inc.,AABA,86
Metaldyne Corporation,Methanex Corporation,MEOH,88
Metals USA Inc.,Agilent Technologies Inc.,A,86
MetLife Inc.,MetLife Inc.,MET,100
Metris Companies Inc,Altaba Inc.,AABA,86
MGIC Investment Corporation,MGIC Investment Corporation,MTG,100
MGM Mirage,MGM Resorts International,MGM,86
Michaels Stores Inc.,Altaba Inc.,AABA,86
Micron Technology Inc.,Micron Technology Inc.,MU,100
Microsoft Corporation,Microsoft Corporation,MSFT,100
Milacron Inc.,Agilent Technologies Inc.,A,86
Millennium Chemicals Inc.,Altaba Inc.,AABA,86
Mirant Corporation,Atlantic American Corporation,AAME,86
Mohawk Industries Inc.,Mohawk Industries Inc.,MHK,100
Molex Incorporated,ABM Industries Incorporated,ABM,86
The MONY Group Inc.,Altaba Inc.,AABA,86
Morgan Stanley Dean Witter & Co.,Morgan Stanley,MS,90
Motorola Inc.,Agilent Technologies Inc.,A,86
MPS Group Inc.,Agilent Technologies Inc.,A,86
Murphy Oil Corporation,Murphy Oil Corporation,MUR,100
Nabors Industries Inc,NACCO Industries Inc.,NC,88
Nacco Industries Inc,NACCO Industries Inc.,NC,100
Nash Finch Company,Acadia Healthcare Company Inc.,ACHC,86
National City Corp.,Altisource Asset Management Corp Com,AAMC,86
National Commerce Financial Corporation,National Commerce Corporation,NCOM,95
National Fuel Gas Company,National Fuel Gas Company,NFG,100
National Oilwell Inc,National Oilwell Varco Inc.,NOV,95
National Rural Utilities Cooperative Finance Corporation,Alcoa Corporation,AA,86
National Semiconductor Corporation,ON Semiconductor Corporation,ON,90
National Service Industries Inc,Altaba Inc.,AABA,86
Navistar International Corporation,Navistar International Corporation,NAV,100
NCR Corporation,NCR Corporation,NCR,100
The Neiman Marcus Group Inc.,Altaba Inc.,AABA,86
New Jersey Resources Corporation,NewJersey Resources Corporation,NJR,98
New York Times Company,New York Times Company (The),NYT,95
Newell Rubbermaid Inc,Altaba Inc.,AABA,86
Newmont Mining Corporation,Newmont Mining Corporation,NEM,100
Nextel Communications Inc,Altaba Inc.,AABA,86
Nicor Inc,NIC Inc.,EGOV,88
Nike Inc,Nike Inc.,NKE,100
NiSource Inc,NiSource Inc,NI,100
Noble Energy Inc,Noble Energy Inc.,NBL,100
Nordstrom Inc,Nordstrom Inc.,JWN,100
Norfolk Southern Corporation,Norfolk Southern Corporation,NSC,100
Nortek Inc,Agilent Technologies Inc.,A,86
North Fork Bancorporation Inc,Altaba Inc.,AABA,86
Northeast Utilities System,Wells Fargo Utilities and High Income Fund,ERH,86
Northern Trust Corporation,Northern Trust Corporation,NTRS,100
Northrop Grumman Corporation,Northrop Grumman Corporation,NOC,100
NorthWestern Corporation,NorthWestern Corporation,NWE,100
Novellus Systems Inc,Altaba Inc.,AABA,86
NSTAR,Enstar Group Limited,ESGR,90
NTL Incorporated,ABM Industries Incorporated,ABM,86
Nucor Corp,Nucor Corporation,NUE,90
Nvidia Corp,NVIDIA Corporation,NVDA,90
NVR Inc,NVR Inc.,NVR,100
Northwest Airlines Corp,Altisource Asset Management Corp Com,AAMC,86
Occidental Petroleum Corp,Occidental Petroleum Corporation,OXY,88
Ocean Energy Inc,Agilent Technologies Inc.,A,86
Office Depot Inc.,Office Depot Inc.,ODP,100
OfficeMax Inc,Agilent Technologies Inc.,A,86
OGE Energy Corp,OGE Energy Corp,OGE,100
Oglethorpe Power Corp.,Altisource Asset Management Corp Com,AAMC,86
Ohio Casualty Corp.,Altisource Asset Management Corp Com,AAMC,86
Old Republic International Corp.,Old Republic International Corporation,ORI,90
Olin Corp.,Olin Corporation,OLN,90
OM Group Inc,Wireless Telecom Group Inc.,WTT,90
Omnicare Inc,Agilent Technologies Inc.,A,86
Omnicom Group,Omnicom Group Inc.,OMC,95
On Semiconductor Corp,Altisource Asset Management Corp Com,AAMC,86
ONEOK Inc,ONEOK Inc.,OKE,100
Oracle Corp,Oracle Corporation,ORCL,90
Oshkosh Truck Corp,Altisource Asset Management Corp Com,AAMC,86
Outback Steakhouse Inc.,Altaba Inc.,AABA,86
Owens & Minor Inc.,Owens & Minor Inc.,OMI,100
Owens Corning,Owens Corning Inc New,OC,90
Owens-Illinois Inc,Owens-Illinois Inc.,OI,100
Oxford Health Plans Inc,Altaba Inc.,AABA,86
Paccar Inc,PACCAR Inc.,PCAR,100
PacifiCare Health Systems Inc,Altaba Inc.,AABA,86
Packaging Corp. of America,Aluminum Corporation of China Limited American Depositary Shares,ACH,86
Pactiv Corp,Altisource Asset Management Corp Com,AAMC,86
Pall Corp,Altisource Asset Management Corp Com,AAMC,86
Pantry Inc,Agilent Technologies Inc.,A,86
Park Place Entertainment Corp,AeroCentury Corp.,ACY,86
Parker Hannifin Corp.,Altisource Asset Management Corp Com,AAMC,86
Pathmark Stores Inc.,Altaba Inc.,AABA,86
Paychex Inc,Paychex Inc.,PAYX,100
Payless Shoesource Inc,Altaba Inc.,AABA,86
Penn Traffic Co.,Arthur J. Gallagher & Co.,AJG,86
Pennzoil-Quaker State Company,American Equity Investment Life Holding Company,AEL,86
Pentair Inc,Agilent Technologies Inc.,A,86
Peoples Energy Corp.,Altisource Asset Management Corp Com,AAMC,86
PeopleSoft Inc,Agilent Technologies Inc.,A,86
Pep Boys Manny Moe & Jack,,NOT FOUND,0
Potomac Electric Power Co.,ASE Technology Holding Co. Ltd. American Depositary Shares (each representing Two),ASX,86
Pepsi Bottling Group Inc.,Altaba Inc.,AABA,86
PepsiAmericas Inc.,Altaba Inc.,AABA,86
PepsiCo Inc.,PepsiCo Inc.,PEP,100
Performance Food Group Co.,Performance Food Group Company,PFGC,91
Perini Corp,Tutor Perini Corporation,TPC,90
PerkinElmer Inc,PerkinElmer Inc.,PKI,100
Perot Systems Corp,Altisource Asset Management Corp Com,AAMC,86
Petco Animal Supplies Inc.,Altaba Inc.,AABA,86
Peter Kiewit Sons' Inc.,Altaba Inc.,AABA,86
PETsMART Inc,Agilent Technologies Inc.,A,86
Pfizer Inc,Pfizer Inc.,PFE,100
Pacific Gas & Electric Corp.,Pacific Gas & Electric Co.,PCG,96
Pharmacia Corp,Altisource Asset Management Corp Com,AAMC,86
Phar Mor Inc.,Agilent Technologies Inc.,A,86
Phelps Dodge Corp.,Altisource Asset Management Corp Com,AAMC,86
Philip Morris Companies Inc.,Altaba Inc.,AABA,86
Phillips Petroleum Co,ASE Technology Holding Co. Ltd. American Depositary Shares (each representing Two),ASX,86
Phillips Van Heusen Corp.,Altisource Asset Management Corp Com,AAMC,86
Phoenix Companies Inc,Altaba Inc.,AABA,86
Pier 1 Imports Inc.,Pier 1 Imports Inc.,PIR,100
Pilgrim's Pride Corporation,Pilgrim's Pride Corporation,PPC,100
Pinnacle West Capital Corp,Pinnacle West Capital Corporation,PNW,88
Pioneer-Standard Electronics Inc.,Altaba Inc.,AABA,86
Pitney Bowes Inc.,Pitney Bowes Inc.,PBI,100
Pittston Brinks Group,ADDvantage Technologies Group Inc.,AEY,86
Plains All American Pipeline LP,Plains All American Pipeline L.P.,PAA,98
PNC Financial Services Group Inc.,PNC Financial Services Group Inc. (The),PNC,95
PNM Resources Inc,PNM Resources Inc. (Holding Co.),PNM,90
Polaris Industries Inc.,Polaris Industries Inc.,PII,100
Polo Ralph Lauren Corp,Altisource Asset Management Corp Com,AAMC,86
PolyOne Corp,PolyOne Corporation,POL,90
Popular Inc,Popular Inc.,BPOP,100
Potlatch Corp,Altisource Asset Management Corp Com,AAMC,86
PPG Industries Inc,PPG Industries Inc.,PPG,100
PPL Corp,PPL Corporation,PPL,90
Praxair Inc,Agilent Technologies Inc.,A,86
Precision Castparts Corp,Altisource Asset Management Corp Com,AAMC,86
Premcor Inc.,Agilent Technologies Inc.,A,86
Pride International Inc,3PEA International Inc.,TPNL,89
Primedia Inc,Primerica Inc.,PRI,88
Principal Financial Group Inc.,Principal Financial Group Inc,PFG,100
Procter & Gamble Co.,Procter & Gamble Company (The),PG,90
Pro-Fac Cooperative Inc.,Altaba Inc.,AABA,86
Progress Energy Inc,Altaba Inc.,AABA,86
Progressive Corporation,Progressive Corporation (The),PGR,95
Protective Life Corp,Altisource Asset Management Corp Com,AAMC,86
Provident Financial Group,Alamo Group Inc.,ALG,86
Providian Financial Corp.,Altisource Asset Management Corp Com,AAMC,86
Prudential Financial Inc.,Prudential Financial Inc.,PRU,100
PSS World Medical Inc,Altaba Inc.,AABA,86
Public Service Enterprise Group Inc.,Public Service Enterprise Group Incorporated,PEG,89
Publix Super Markets Inc.,Altaba Inc.,AABA,86
Puget Energy Inc.,MGE Energy Inc.,MGEE,87
Pulte Homes Inc,Agilent Technologies Inc.,A,86
Qualcomm Inc,QUALCOMM Incorporated,QCOM,90
Quanta Services Inc.,Quanta Services Inc.,PWR,100
Quantum Corp,Altisource Asset Management Corp Com,AAMC,86
Quest Diagnostics Inc.,Altaba Inc.,AABA,86
Questar Corp,Altisource Asset Management Corp Com,AAMC,86
Quintiles Transnational,,NOT FOUND,0
Qwest Communications Intl Inc,Altaba Inc.,AABA,86
R.J. Reynolds Tobacco Company,American Equity Investment Life Holding Company,AEL,86
R.R. Donnelley & Sons Company,R.R. Donnelley & Sons Company,RRD,100
Radio Shack Corporation,Aluminum Corporation of China Limited American Depositary Shares,ACH,86
Raymond James Financial Inc.,Raymond James Financial Inc.,RJF,100
Raytheon Company,Raytheon Company,RTN,100
Reader's Digest Association Inc.,Altaba Inc.,AABA,86
Reebok International Ltd.,ABB Ltd,ABB,86
Regions Financial Corp.,Altisource Asset Management Corp Com,AAMC,86
Regis Corporation,Regis Corporation,RGS,100
Reliance Steel & Aluminum Co.,Reliance Steel & Aluminum Co. (DE),RS,95
Reliant Energy Inc.,Altaba Inc.,AABA,86
Rent A Center Inc,Rent-A-Center Inc.,RCII,100
Republic Services Inc,Republic Services Inc.,RSG,100
Revlon Inc,Revlon Inc.,REV,100
RGS Energy Group Inc,Altaba Inc.,AABA,86
Rite Aid Corp,Rite Aid Corporation,RAD,90
Riverwood Holding Inc.,Altaba Inc.,AABA,86
RoadwayCorp,,NOT FOUND,0
Robert Half International Inc.,Robert Half International Inc.,RHI,100
Rock-Tenn Co,Arthur J. Gallagher & Co.,AJG,86
Rockwell Automation Inc,Rockwell Automation Inc.,ROK,100
Rockwell Collins Inc,Altaba Inc.,AABA,86
Rohm & Haas Co.,Arthur J. Gallagher & Co.,AJG,86
Ross Stores Inc,Ross Stores Inc.,ROST,100
RPM Inc.,Agilent Technologies Inc.,A,86
Ruddick Corp,Altisource Asset Management Corp Com,AAMC,86
Ryder System Inc,Ryder System Inc.,R,100
Ryerson Tull Inc,Agilent Technologies Inc.,A,86
Ryland Group Inc.,Agilent Technologies Inc.,A,86
Sabre Holdings Corp,Altisource Asset Management Corp Com,AAMC,86
Safeco Corp,Altisource Asset Management Corp Com,AAMC,86
Safeguard Scientifics Inc.,Safeguard Scientifics Inc.,SFE,100
Safeway Inc,Agilent Technologies Inc.,A,86
Saks Inc,Agilent Technologies Inc.,A,86
Sanmina-SCI Inc,Agilent Technologies Inc.,A,86
Sara Lee Corp,Altisource Asset Management Corp Com,AAMC,86
SBC Communications Inc,LSC Communications Inc.,LKSD,95
Scana Corp.,Altisource Asset Management Corp Com,AAMC,86
Schering-Plough Corp,Altisource Asset Management Corp Com,AAMC,86
Scholastic Corp,Altisource Asset Management Corp Com,AAMC,86
SCI Systems Onc.,OSI Systems Inc.,OSIS,87
Science Applications Intl. Inc.,Altaba Inc.,AABA,86
Scientific-Atlanta Inc,Altaba Inc.,AABA,86
Scotts Company,Acadia Healthcare Company Inc.,ACHC,86
Seaboard Corp,Seaboard Corporation,SEB,90
Sealed Air Corp,Altisource Asset Management Corp Com,AAMC,86
Sears Roebuck & Co,Art's-Way Manufacturing Co. Inc.,ARTW,86
Sempra Energy,Sempra Energy,SRE,100
Sequa Corp,Altisource Asset Management Corp Com,AAMC,86
Service Corp. International,Service Corporation International,SCI,87
ServiceMaster Co,Arthur J. Gallagher & Co.,AJG,86
Shaw Group Inc,Agilent Technologies Inc.,A,86
Sherwin-Williams Company,Sherwin-Williams Company (The),SHW,95
Shopko Stores Inc,Altaba Inc.,AABA,86
Siebel Systems Inc,Altaba Inc.,AABA,86
Sierra Health Services Inc,Universal Health Services Inc.,UHS,87
Sierra Pacific Resources,Morgan Stanley Asia-Pacific Fund Inc.,APF,86
Silgan Holdings Inc.,Silgan Holdings Inc.,SLGN,100
Silicon Graphics Inc,Altaba Inc.,AABA,86
Simon Property Group Inc,Simon Property Group Inc.,SPG,100
SLM Corporation,SLM Corporation,SLM,100
Smith International Inc,LiqTech International Inc.,LIQT,88
Smithfield Foods Inc,Altaba Inc.,AABA,86
Smurfit-Stone Container Corp,AeroCentury Corp.,ACY,86
Snap-On Inc,Snap-On Incorporated,SNA,90
Solectron Corp,Altisource Asset Management Corp Com,AAMC,86
Solutia Inc,Agilent Technologies Inc.,A,86
Sonic Automotive Inc.,Sonic Automotive Inc.,SAH,100
Sonoco Products Co.,Sonoco Products Company,SON,88
Southern Company,Southern Company (The),SO,95
Southern Union Company,American Equity Investment Life Holding Company,AEL,86
SouthTrust Corp.,Altisource Asset Management Corp Com,AAMC,86
Southwest Airlines Co,Southwest Airlines Company,LUV,89
Southwest Gas Corp,Altisource Asset Management Corp Com,AAMC,86
Sovereign Bancorp Inc.,Origin Bancorp Inc.,OBNK,87
Spartan Stores Inc,Spartan Motors Inc.,SPAR,89
Spherion Corp,Altisource Asset Management Corp Com,AAMC,86
Sports Authority Inc,Altaba Inc.,AABA,86
Sprint Corp.,Sprint Corporation,S,90
SPX Corp,SPX Corporation,SPXC,90
St. Jude Medical Inc,Altaba Inc.,AABA,86
St. Paul Cos.,St. Joe Company (The),JOE,86
Staff Leasing Inc.,Altaba Inc.,AABA,86
StanCorp Financial Group Inc,KB Financial Group Inc,KB,88
Standard Pacific Corp.,Altisource Asset Management Corp Com,AAMC,86
Stanley Works,Morgan Stanley Asia-Pacific Fund Inc.,APF,86
Staples Inc,Agilent Technologies Inc.,A,86
Starbucks Corp,Starbucks Corporation,SBUX,90
Starwood Hotels & Resorts Worldwide Inc,Agilent Technologies Inc.,A,86
State Street Corp.,Altisource Asset Management Corp Com,AAMC,86
Stater Bros. Holdings Inc.,Altaba Inc.,AABA,86
Steelcase Inc,Steelcase Inc.,SCS,100
Stein Mart Inc,Stein Mart Inc.,SMRT,100
Stewart & Stevenson Services Inc,Altaba Inc.,AABA,86
Stewart Information Services Corp,Stewart Information Services Corporation,STC,90
Stilwell Financial Inc,Altaba Inc.,AABA,86
Storage Technology Corporation,PAR Technology Corporation,PAR,87
Stryker Corp,Stryker Corporation,SYK,90
Sun Healthcare Group Inc.,Altaba Inc.,AABA,86
Sun Microsystems Inc.,Altaba Inc.,AABA,86
SunGard Data Systems Inc.,Altaba Inc.,AABA,86
Sunoco Inc.,Agilent Technologies Inc.,A,86
SunTrust Banks Inc,SunTrust Banks Inc.,STI,100
Supervalu Inc,Agilent Technologies Inc.,A,86
Swift Transportation Co. Inc,Knight-Swift Transportation Holdings Inc.,KNX,89
Symbol Technologies Inc,NETSOL Technologies Inc.,NTWK,87
Synovus Financial Corp.,Synovus Financial Corp.,SNV,100
Sysco Corp,Sysco Corporation,SYY,90
Systemax Inc.,Systemax Inc.,SYX,100
Target Corp.,Target Corporation,TGT,90
Tech Data Corporation,Tech Data Corporation,TECD,100
TECO Energy Inc,Agilent Technologies Inc.,A,86
Tecumseh Products Company,American Equity Investment Life Holding Company,AEL,86
Tektronix Inc,Agilent Technologies Inc.,A,86
Teleflex Incorporated,Teleflex Incorporated,TFX,100
Telephone & Data Systems Inc,Telephone and Data Systems Inc.,TDS,95
Tellabs Inc.,Agilent Technologies Inc.,A,86
Temple-Inland Inc,Altaba Inc.,AABA,86
Tenet Healthcare Corporation,Tenet Healthcare Corporation,THC,100
Tenneco Automotive Inc.,Altaba Inc.,AABA,86
Teradyne Inc,Teradyne Inc.,TER,100
Terex Corp,Terex Corporation,TEX,90
Tesoro Petroleum Corp.,Altisource Asset Management Corp Com,AAMC,86
Texas Industries Inc.,Altaba Inc.,AABA,86
Texas Instruments Incorporated,Texas Instruments Incorporated,TXN,100
Textron Inc,Textron Inc.,TXT,100
Thermo Electron Corporation,Alcoa Corporation,AA,86
Thomas & Betts Corporation,Alcoa Corporation,AA,86
Tiffany & Co,Tiffany & Co.,TIF,100
Timken Company,Timken Company (The),TKR,95
TJX Companies Inc,TJX Companies Inc. (The),TJX,95
TMP Worldwide Inc,Altaba Inc.,AABA,86
Toll Brothers Inc,Toll Brothers Inc.,TOL,100
Torchmark Corporation,Torchmark Corporation,TMK,100
Toro Company,Toro Company (The),TTC,95
Tower Automotive Inc.,Altaba Inc.,AABA,86
Toys 'R' Us Inc,Agilent Technologies Inc.,A,86
Trans World Entertainment Corp.,Trans World Entertainment Corp.,TWMC,100
TransMontaigne Inc,Altaba Inc.,AABA,86
Transocean Inc,Agilent Technologies Inc.,A,86
TravelCenters of America Inc.,TravelCenters of America LLC,TA,93
Triad Hospitals Inc,Altaba Inc.,AABA,86
Tribune Company,Acadia Healthcare Company Inc.,ACHC,86
Trigon Healthcare Inc.,Altaba Inc.,AABA,86
Trinity Industries Inc,Trinity Industries Inc.,TRN,100
Trump Hotels & Casino Resorts Inc.,Altaba Inc.,AABA,86
TruServ Corporation,Atlantic American Corporation,AAME,86
TRW Inc,Agilent Technologies Inc.,A,86
TXU Corp,Altisource Asset Management Corp Com,AAMC,86
Tyson Foods Inc,Tyson Foods Inc.,TSN,100
U.S. Bancorp,U.S. Bancorp,USB,100
U.S. Industries Inc.,P & F Industries Inc.,PFIN,87
UAL Corporation,Ball Corporation,BLL,90
UGI Corporation,UGI Corporation,UGI,100
Unified Western Grocers Inc,Altaba Inc.,AABA,86
Union Pacific Corporation,Union Pacific Corporation,UNP,100
Union Planters Corp,Altisource Asset Management Corp Com,AAMC,86
Unisource Energy Corp,Altisource Asset Management Corp Com,AAMC,86
Unisys Corporation,Unisys Corporation,UIS,100
United Auto Group Inc,Altaba Inc.,AABA,86
United Defense Industries Inc.,Altaba Inc.,AABA,86
United Parcel Service Inc,United Parcel Service Inc.,UPS,100
United Rentals Inc,United Rentals Inc.,URI,100
United Stationers Inc,Altaba Inc.,AABA,86
United Technologies Corporation,United Technologies Corporation,UTX,100
UnitedHealth Group Incorporated,UnitedHealth Group Incorporated (DE),UNH,95
Unitrin Inc,Agilent Technologies Inc.,A,86
Universal Corporation,Universal Corporation,UVV,100
Universal Forest Products Inc,Universal Forest Products Inc.,UFPI,100
Universal Health Services Inc,Universal Health Services Inc.,UHS,100
Unocal Corporation,Atlantic American Corporation,AAME,86
Unova Inc,Novan Inc.,NOVN,89
UnumProvident Corporation,Aluminum Corporation of China Limited American Depositary Shares,ACH,86
URS Corporation,USG Corporation,USG,93
US Airways Group Inc,Altaba Inc.,AABA,86
US Oncology Inc,US Ecology Inc.,ECOL,90
USA Interactive,Altice USA Inc. Class A,ATUS,86
USFreighways Corporation,Aluminum Corporation of China Limited American Depositary Shares,ACH,86
USG Corporation,USG Corporation,USG,100
UST Inc,American Assets Trust Inc.,AAT,90
Valero Energy Corporation,Valero Energy Corporation,VLO,100
Valspar Corporation,Qualstar Corporation,QBAK,87
Value City Department Stores Inc,Altaba Inc.,AABA,86
Varco International Inc,CIRCOR International Inc.,CIR,89
Vectren Corporation,Nuvectra Corporation,NVTR,87
Veritas Software Corporation,Alcoa Corporation,AA,86
Verizon Communications Inc,Verizon Communications Inc.,VZ,100
VF Corporation,V.F. Corporation,VFC,93
Viacom Inc,Viacom Inc.,VIA,100
Viad Corp,Viad Corp,VVI,100
Viasystems Group Inc,Altaba Inc.,AABA,86
Vishay Intertechnology Inc,Vishay Intertechnology Inc.,VSH,100
Visteon Corporation,Visteon Corporation,VC,100
Volt Information Sciences Inc,Volt Information Sciences Inc.,VISI,100
Vulcan Materials Company,Vulcan Materials Company (Holding Company),VMC,90
W.R. Berkley Corporation,W.R. Berkley Corporation,WRB,100
W.R. Grace & Co,W.R. Grace & Co.,GRA,100
W.W. Grainger Inc,W.W. Grainger Inc.,GWW,100
Wachovia Corporation,Alcoa Corporation,AA,86
Wakenhut Corporation,Aluminum Corporation of China Limited American Depositary Shares,ACH,86
Walgreen Co,Arthur J. Gallagher & Co.,AJG,86
Wallace Computer Services Inc,Altaba Inc.,AABA,86
Wal-Mart Stores Inc,Altaba Inc.,AABA,86
Walt Disney Co,The Walt Disney Company,DIS,90
Walter Industries Inc,Astec Industries Inc.,ASTE,88
Washington Mutual Inc,Altaba Inc.,AABA,86
Washington Post Co.,Art's-Way Manufacturing Co. Inc.,ARTW,86
Waste Management Inc,Waste Management Inc.,WM,100
Watsco Inc,Watsco Inc.,WSO,100
Weatherford International Inc,Weatherford International plc (Ireland),WFT,88
Weis Markets Inc.,Weis Markets Inc.,WMK,100
Wellpoint Health Networks Inc,Altaba Inc.,AABA,86
Wells Fargo & Company,Wells Fargo & Company,WFC,100
Wendy's International Inc,WESCO International Inc.,WCC,88
Werner Enterprises Inc,Werner Enterprises Inc.,WERN,100
WESCO International Inc,WESCO International Inc.,WCC,100
Western Digital Inc,Altaba Inc.,AABA,86
Western Gas Resources Inc,Altaba Inc.,AABA,86
WestPoint Stevens Inc,Altaba Inc.,AABA,86
Weyerhauser Company,Weyerhaeuser Company,WY,97
WGL Holdings Inc,GWG Holdings Inc,GWGH,94
Whirlpool Corporation,Whirlpool Corporation,WHR,100
Whole Foods Market Inc,Altaba Inc.,AABA,86
Willamette Industries Inc.,Altaba Inc.,AABA,86
Williams Companies Inc,Williams Companies Inc. (The),WMB,95
Williams Sonoma Inc,Williams-Sonoma Inc. (DE),WSM,95
Winn Dixie Stores Inc,Altaba Inc.,AABA,86
Wisconsin Energy Corporation,Alcoa Corporation,AA,86
Wm Wrigley Jr Company,American Equity Investment Life Holding Company,AEL,86
World Fuel Services Corporation,World Fuel Services Corporation,INT,100
WorldCom Inc,Agilent Technologies Inc.,A,86
Worthington Industries Inc,Worthington Industries Inc.,WOR,100
WPS Resources Corporation,Eclipse Resources Corporation,ECR,89
Wyeth,,NOT FOUND,0
Wyndham International Inc,Altaba Inc.,AABA,86
Xcel Energy Inc,Xcel Energy Inc.,XEL,100
Xerox Corp,Xerox Corporation,XRX,90
Xilinx Inc,Xilinx Inc.,XLNX,100
XO Communications Inc,GTT Communications Inc.,GTT,88
Yellow Corporation,Atlantic American Corporation,AAME,86
York International Corp,Altisource Asset Management Corp Com,AAMC,86
Yum Brands Inc.,Yum! Brands Inc.,YUM,97
Zale Corporation,Ball Corporation,BLL,88
Zions Bancorporation,Zions Bancorporation N.A.,ZION,95
Upgrade Inc,Agilent Technologies Inc.,A,86
Samsara,,NOT FOUND,0
goodfood,,NOT FOUND,0
Rented,,NOT FOUND,0
Outer Aisle,,NOT FOUND,0
UCG HomeBuyers of Pittsburgh,Aluminum Corporation of China Limited American Depositary Shares,ACH,86
StayMarquis,,NOT FOUND,0
Propellant Media,Liberty Media Corporation Series A Liberty Braves Common Stock,BATRA,86
Alivi,,NOT FOUND,0
Avanan,,NOT FOUND,0
SmileDirectClub,,NOT FOUND,0
springbig,,NOT FOUND,0
Supernova Technology,ASE Technology Holding Co. Ltd. American Depositary Shares (each representing Two),ASX,86
Catalyst Experiential,,NOT FOUND,0
Sprinly,,NOT FOUND,0
Capitol Bridge,Capitol Federal Financial Inc.,CFFN,86
Spinnaker Consulting Group,Alamo Group Inc.,ALG,86
Fair Price Properties,Aberdeen Global Premier Properties Fund of Beneficial Interest,AWP,86
AdPushup,,NOT FOUND,0
ESSNOVA Solutions Inc,OMNOVA Solutions Inc.,OMN,88
Boxzooka,,NOT FOUND,0
Qloo,,NOT FOUND,0
Sedera,,NOT FOUND,0
App Samurai*,,NOT FOUND,0
Talent.com,Altisource Asset Management Corp Com,AAMC,86
ORORO Heated Apparel,,NOT FOUND,0
FactoryPure,,NOT FOUND,0
Urgently,,NOT FOUND,0
Capital Brand Group,Atlantic Capital Bancshares Inc.,ACBI,86
Facilitron,,NOT FOUND,0
Instafuel,,NOT FOUND,0
Stojo,,NOT FOUND,0
Beyond Meat,Bed Bath & Beyond Inc.,BBBY,86
AlphaPoint,,NOT FOUND,0
LIfeboost Coffee,,NOT FOUND,0
Flux Power,American Electric Power Company Inc.,AEP,86
PaymentCloud*,,NOT FOUND,0
OwnBackup,,NOT FOUND,0
Spartan Investment Group,American Equity Investment Life Holding Company,AEL,86
Perishable Shipping Solutions,Broadridge Financial Solutions Inc.Common Stock,BR,86
Canadian Plasma Resources,Artesian Resources Corporation Class A Non-Voting Common Stock,ARTNA,86
Setna iO,,NOT FOUND,0
HomeCraft Gutter Protection,,NOT FOUND,0
Shapermint (Trafilea Group),Alamo Group Inc.,ALG,86
ComplianceQuest,,NOT FOUND,0
FLEXE,,NOT FOUND,0
BookJane,,NOT FOUND,0
Light-it,IT Tech Packaging Inc.,ITP,86
Packback,,NOT FOUND,0
BrillMedia.co,Arthur J. Gallagher & Co.,AJG,86
Arcalea,,NOT FOUND,0
Lemonaid Health,Bausch Health Companies Inc.,BHC,86
Clothes Bin Franchise,,NOT FOUND,0
DataCamp,,NOT FOUND,0
The Moresby Group,American Airlines Group Inc.,AAL,86
Metadata.io,,NOT FOUND,0
Adsum Soluciones Tecnolgicas,,NOT FOUND,0
Resnick Roofing & Contracting,,NOT FOUND,0
Sunstone,Sunstone Hotel Investors Inc.,SHO,90
ShipBob,,NOT FOUND,0
Exabeam,,NOT FOUND,0
Link Energy,Adams Resources & Energy Inc.,AE,86
IKIO LED Lighting,Revolution Lighting Technologies Inc.,RVLT,86
China Metal Solutions,Aluminum Corporation of China Limited American Depositary Shares,ACH,86
MaxLife,,NOT FOUND,0
Capicua,,NOT FOUND,0
Cognitus Consulting,,NOT FOUND,0
Lyft,,NOT FOUND,0
Key Tower LLC,American Tower Corporation (REIT),AMT,86
Progyny,,NOT FOUND,0
SPENGA,,NOT FOUND,0
Ayla Networks,Ceragon Networks Ltd.,CRNT,86
Bambridge Accountants,,NOT FOUND,0
Blueback Global,iShares Edge MSCI Min Vol Global,ACWV,86
Bombas,,NOT FOUND,0
Winning by Design,Cadence Design Systems Inc.,CDNS,86
SolutionStack,,NOT FOUND,0
MagicLinks,,NOT FOUND,0
Zolli Candy,,NOT FOUND,0
AUDIENCEX,,NOT FOUND,0
OppFi,,NOT FOUND,0
Digital Thrive,Bridgeline Digital Inc.,BLIN,86
PM Consulting Group,ADDvantage Technologies Group Inc.,AEY,86
PatientBond,,NOT FOUND,0
dv01,,NOT FOUND,0
Impact Analytics,Helios and Matheson Analytics Inc,HMNY,86
Ecochlor,,NOT FOUND,0
Tierra Encantada,,NOT FOUND,0
PeakActivity,,NOT FOUND,0
AGENCY672,,NOT FOUND,0
WEST ENGINEERING SAS,First Trust Global Engineering and Construction,FLM,86
AirDNA,,NOT FOUND,0
RedShelf,,NOT FOUND,0
Assertive Professionals,,NOT FOUND,0
Rose Digital,Digital Turbine Inc.,APPS,86
Pawstruck,,NOT FOUND,0
Rocket Insights,Rocket Pharmaceuticals Inc.,RCKT,86
BluShark Digital,Digital Realty Trust Inc.,DLR,86
Sigmoid,,NOT FOUND,0
Salsify,,NOT FOUND,0
Prove,Provention Bio Inc.,PRVB,90
Sweet Loren's,Ambev S.A. American Depositary Shares (Each representing 1),ABEV,86
OROMETRO,,NOT FOUND,0
SparkOrange,Orange,ORAN,90
Orion Global Solutions,Aberdeen Global Dynamic Dividend Fund,AGD,86
Enshored,,NOT FOUND,0
MetaPhase Consulting,,NOT FOUND,0
Ejis,,NOT FOUND,0
Anuvia Plant Nutrients,,NOT FOUND,0
CloudBolt Software,American Software Inc. Class A Common Stock,AMSWA,86
BIO BOLSA,Bio-Rad Laboratories Inc. Class A,BIO,86
Construcciones al Dia,,NOT FOUND,0
LYFE Marketing,,NOT FOUND,0
Doing Good Works,American Water Works Company Inc.,AWK,86
Kraken Robotics,Corindus Vascular Robotics Inc. (DE),CVRS,86
Botkeeper,,NOT FOUND,0
Urban Simple,Urban Edge Properties of Beneficial Interest,UE,86
Fresh Consulting,Fresh Del Monte Produce Inc.,FDP,86
Proven Behavior Solutions,Broadridge Financial Solutions Inc.Common Stock,BR,86
Arvinas,Arvinas Inc.,ARVN,90
Link Consulting Services,Concord Medical Services Holdings Limited ADS (Each represents three),CCM,86
Wellbots,,NOT FOUND,0
RenewAge,,NOT FOUND,0
Ridgeline International,Argo Group International Holdings Ltd.,ARGO,86
iTechArt Group,American Airlines Group Inc.,AAL,86
Mohawk Group,American Airlines Group Inc.,AAL,86
Ondot Systems**,Alliance Data Systems Corporation,ADS,86
C Evans Consulting,America Movil S.A.B. de C.V. Class An Depositary Shares,AMOV,86
Lovebug Probiotics,,NOT FOUND,0
Alkami,,NOT FOUND,0
Media One Creative,Autohome Inc. American Depositary Shares each representing one class A.,ATHM,86
Scientist.com,Altisource Asset Management Corp Com,AAMC,86
o9 Solutions,Advanced Emissions Solutions Inc.,ADES,86
Hennessey Digital,PagSeguro Digital Ltd. Class A,PAGS,86
Ticketsauce,,NOT FOUND,0
Powur,,NOT FOUND,0
Advanced Operations Partners,Antero Midstream Partners LP representing limited partner interests,AM,86
Grupo Albanesi,Grupo Aeroportuario del Sureste S.A. de C.V.,ASR,86
IDC COMPONENTES,,NOT FOUND,0
Wachsman,,NOT FOUND,0
Zinobe,,NOT FOUND,0
SOCi Inc,MSCI Inc,MSCI,88
The Auto Cave,Advance Auto Parts Inc W/I,AAP,86
Amerikas,,NOT FOUND,0
Dispatch,,NOT FOUND,0
Traxxall,,NOT FOUND,0
CONCRECIVIL,,NOT FOUND,0
Avail**,,NOT FOUND,0
ComplianceLine,,NOT FOUND,0
SOLO NETWORK,DISH Network Corporation,DISH,86
Mentor Collective,,NOT FOUND,0
TomboyX,,NOT FOUND,0
GCubed Enterprises Inc,Altaba Inc.,AABA,86
Klaris Group,American Airlines Group Inc.,AAL,86
Xtenfer Consulting,,NOT FOUND,0
Fundrise,,NOT FOUND,0
Branded Group,American Airlines Group Inc.,AAL,86
OneSoft Solutions,Advanced Emissions Solutions Inc.,ADES,86
RIWI,,NOT FOUND,0
ECIPSA,,NOT FOUND,0
WLJ Advisors,Hennessy Advisors Inc.,HNNA,86
Omega Gerao,Alpha and Omega Semiconductor Limited,AOSL,86
Leedsay,,NOT FOUND,0
Coru,,NOT FOUND,0
Merraine Group,American Airlines Group Inc.,AAL,86
Inspire Investing,Inspire Medical Systems Inc.,INSP,86
US Mobile,iShares MSCI ACWI ex US Index Fund,ACWX,86
Virtuosity Consulting,,NOT FOUND,0
Haytek Lentes,,NOT FOUND,0
Findability Sciences,ARYA Sciences Acquisition Corp.,ARYA,86
Memory.NET,Global Net Lease Inc.,GNL,86
Kisi,,NOT FOUND,0
Cognira,,NOT FOUND,0
Axiom Path,Bio-Path Holdings Inc.,BPTH,86
DLP Real Estate Capital,Ares Commercial Real Estate Corporation,ACRE,86
VRTCAL,,NOT FOUND,0
C3.ai,,NOT FOUND,0
CFD INGENIERIA,,NOT FOUND,0
Luxury Living Chicago Realty,Arbor Realty Trust,ABR,86
Mynt Systems,Alliance Data Systems Corporation,ADS,86
Rallio,,NOT FOUND,0
Intellibright,,NOT FOUND,0
VCRNOW,,NOT FOUND,0
The DVI Group,American Airlines Group Inc.,AAL,86
JACUR SAS,,NOT FOUND,0
Photo Booth International,BioDelivery Sciences International Inc.,BDSI,86
Tina Davies Professional,,NOT FOUND,0
SingleStore,,NOT FOUND,0
ICRYO*,,NOT FOUND,0
Plataforma 10,American Vanguard Corporation ($0.10 Par Value),AVD,86
HADA INTERNATIONAL,Madrona International,FWDI,87
Nyla Technology Solutions,ASE Technology Holding Co. Ltd. American Depositary Shares (each representing Two),ASX,86
LA New Product Development Team,2xLeveraged Long Exchange Traded Access Securities (E-TRACS) Linked to the Wells Fargo Business Development Company Index due May 24 2041,BDCL,86
MouthWatch,,NOT FOUND,0
FedWriters,,NOT FOUND,0
Washington Capital Partners,Antero Midstream Partners LP representing limited partner interests,AM,86
The Disruptive Element,2xLeveraged Long Exchange Traded Access Securities (E-TRACS) Linked to the Wells Fargo Business Development Company Index due May 24 2041,BDCL,86
STEP CG,,NOT FOUND,0
Education Advanced,Advanced Emissions Solutions Inc.,ADES,86
Levio Conseils,,NOT FOUND,0
Climb Credit,Aberdeen Income Credit Strategies Fund,ACP,86
Snap,Snap-On Incorporated,SNA,90
Volumetric Building Companies,DGSE Companies Inc.,DGSE,86
Elder Care Homecare,Care.com Inc.,CRCM,86
The Ricciardi Group,ADDvantage Technologies Group Inc.,AEY,86
CoreCard Software,American Software Inc. Class A Common Stock,AMSWA,86
Fundation (Linear Financial Technologies)***,Agilent Technologies Inc.,A,86
MatchBox Consulting Group,Alamo Group Inc.,ALG,86
Chefman CHEF iQ,IQ Global Agribusiness Small Cap,CROP,86
buyCASTING.com Inc,Altaba Inc.,AABA,86
Qulitas,,NOT FOUND,0
RYU,,NOT FOUND,0
ALTA SISTEMAS,Alta Mesa Resources Inc.,AMR,86
Active Cyber,PIMCO Active Bond Exchange-Traded Fund Exchange-Traded Fund,BOND,86
Alphacore,,NOT FOUND,0
Shopify,Shopify Inc. Class A Subordinate,SHOP,90
ENO8,,NOT FOUND,0
Augurian,,NOT FOUND,0
Blue Raven Solar,Blue Apron Holdings Inc. Class A,APRN,86
Synergy Science,BlackRock Science and Technology Trust of Beneficial Interest,BST,86
Radicle,,NOT FOUND,0
AgAmerica Lending,Oaktree Specialty Lending Corporation,OCSL,86
Digital Hyve,Digital Turbine Inc.,APPS,86
Search Realty Corp.,Altisource Asset Management Corp Com,AAMC,86
SteraMist,,NOT FOUND,0
Knesko Skin,Nu Skin Enterprises Inc.,NUS,86
Green Standards,China Green Agriculture Inc.,CGA,86
PandaDoc,,NOT FOUND,0
Zenlayer,,NOT FOUND,0
Mightily,,NOT FOUND,0
Nuvolo,,NOT FOUND,0
Matrix Energia,CPFL Energia S.A. American Depositary Shares,CPL,86
Uber,,NOT FOUND,0
MongoDB,MongoDB Inc.,MDB,90
Seamans's Beverage and Logistics,Aaron's Inc.,AAN,86
SUGOI,,NOT FOUND,0
Tiger Analytics,Helios and Matheson Analytics Inc,HMNY,86
Valemobi,,NOT FOUND,0
MIXT Solutions,Advanced Emissions Solutions Inc.,ADES,86
NewFound Recruiting,,NOT FOUND,0
Globaltex Fine Linens,,NOT FOUND,0
eAssist Dental Solutions,Bright Horizons Family Solutions Inc.,BFAM,86
TAKTIK Logistics Group,ADDvantage Technologies Group Inc.,AEY,86
King Tester,,NOT FOUND,0
GridGain Systems,Alliance Data Systems Corporation,ADS,86
Tesla,Tesla Inc.,TSLA,90
DocuSign,DocuSign Inc.,DOCU,90
American Hometown Media,Ambev S.A. American Depositary Shares (Each representing 1),ABEV,86
Compliancy Group,American Airlines Group Inc.,AAL,86
Zoocasa,,NOT FOUND,0
Colaberry,,NOT FOUND,0
MatterHackers,RH,RH,90
Surgically Clean Air,Air T Inc.,AIRT,86
VirVentures.com,Altisource Asset Management Corp Com,AAMC,86
Mapleview Agri,,NOT FOUND,0
NUVA,NuVasive Inc.,NUVA,90
5,,NOT FOUND,0
Cloudflare,,NOT FOUND,0
MAS DISEO Y MARKETING,Grupo Aval Acciones y Valores S.A. ADR (Each representing 20 preferred shares),AVAL,86
Rootstrap,,NOT FOUND,0
A.Life Group,American Airlines Group Inc.,AAL,86
PTM,,NOT FOUND,0
Lightenco,,NOT FOUND,0
bestica,,NOT FOUND,0
ClearSale,,NOT FOUND,0
US Tech Solutions,iShares MSCI ACWI ex US Index Fund,ACWX,86
Surex,,NOT FOUND,0
Tacheny Exteriors,,NOT FOUND,0
4S INGENIERIA,,NOT FOUND,0
AV Mechanical,,NOT FOUND,0
meQuilibrium,,NOT FOUND,0
GigSalad,,NOT FOUND,0
CONALCABLES,,NOT FOUND,0
WillowTree,,NOT FOUND,0
Gateway Multifamily,America First Multifamily Investors L.P.,ATAX,86
Tricentis,,NOT FOUND,0
OptimizeRx**,OptimizeRx Corporation,OPRX,90
Empire Flippers,Empire State Realty OP L.P. Series ES Operating Partnership Units Representing Limited Partnership Interests,ESBA,86
Aspire Software,American Software Inc. Class A Common Stock,AMSWA,86
GLE,Eagle Bancorp Inc.,EGBN,90
Lockwood,,NOT FOUND,0
Usebens Seguros S/A,Aaron's Inc.,AAN,86
CS-1 Transportation,Ambev S.A. American Depositary Shares (Each representing 1),ABEV,86
AGILISIUM CONSULTING,,NOT FOUND,0
CHICC,,NOT FOUND,0
CareDx,CareDx Inc.,CDNA,90
Eravant,,NOT FOUND,0
Pure Storage,Pure Storage Inc. Class A,PSTG,90
VENTISOL,,NOT FOUND,0
YellowTelescope,,NOT FOUND,0
AltexSoft,,NOT FOUND,0
Synergy Medical,Apollo Medical Holdings Inc.,AMEH,86
Results Repeat,,NOT FOUND,0
MASSIE R&D Tax Credits,Eaton Vance Tax-Managed Buy-Write Income Fund of Beneficial Interest,ETB,86
Fab Glass and Mirror,Apartment Investment and Management Company,AIV,86
Wildcat Lending,China Lending Corporation,CLDC,86
Aivo,,NOT FOUND,0
Oasys International,American International Group Inc.,AIG,86
Erwin Castro Salgado,,NOT FOUND,0
Red Oak Compliance Solutions,Broadridge Financial Solutions Inc.Common Stock,BR,86
Explorer Research,Acacia Research Corporation,ACTG,86
What If Media Group,ADDvantage Technologies Group Inc.,AEY,86
7Summits**,,NOT FOUND,0
FE International,American International Group Inc.,AIG,86
Reputation,,NOT FOUND,0
Mursion,,NOT FOUND,0
INRY,,NOT FOUND,0
Brookstone Windows & Doors,,NOT FOUND,0
College Hunks of Tampa,Aluminum Corporation of China Limited American Depositary Shares,ACH,86
Buhler Commercial,Ares Commercial Real Estate Corporation,ACRE,86
CommunicateHealth,,NOT FOUND,0
P3 Pacific Packaging Products*,Asia Pacific Wire & Cable Corporation Limited,APWC,86
Ziggi's Coffee,Ambev S.A. American Depositary Shares (Each representing 1),ABEV,86
JA Sade Animal,Elanco Animal Health Incorporated,ELAN,86
CIVE,Civeo Corporation (Canada),CVEO,90
Anatomie,,NOT FOUND,0
Lightspeed POS,,NOT FOUND,0
Trinity Packaging Supply,,NOT FOUND,0
B9Creations,,NOT FOUND,0
DB1 Group,American Airlines Group Inc.,AAL,86
PURE COLOMBIA,iPath Pure Beta Broad Commodity ETN,BCM,86
DFH,,NOT FOUND,0
COLOR 1,DB Agriculture Long ETN due April 1 2038,AGF,86
Boost Payment Solutions,Bright Horizons Family Solutions Inc.,BFAM,86
Curate Mobile,China Mobile Limited,CHL,86
Apptopia,,NOT FOUND,0
TTI,Attis Industries Inc.,ATIS,90
Square,BSQUARE Corporation,BSQR,90
Darkblade Systems,Alliance Data Systems Corporation,ADS,86
Pluribus Networks,Gilat Satellite Networks Ltd.,GILT,86
TapResearch,,NOT FOUND,0
EvolveMKD,,NOT FOUND,0
MercadoLibre,MercadoLibre Inc.,MELI,95
MDOS Consulting Inc,Altaba Inc.,AABA,86
Shutter and Sound Films,Apartment Investment and Management Company,AIV,86
Wayfair,Wayfair Inc. Class A,W,90
Pn Automation,Brooks Automation Inc.,BRKS,86
Sierra Nevada Hamburguesas y Malteadas,Grupo Aval Acciones y Valores S.A. ADR (Each representing 20 preferred shares),AVAL,86
Equium Group,American Airlines Group Inc.,AAL,86
Copperleaf,,NOT FOUND,0
MaxSold,,NOT FOUND,0
BBM LOGSTICA,,NOT FOUND,0
New Relic,New Relic Inc.,NEWR,95
the telos institute,2xLeveraged Long Exchange Traded Access Securities (E-TRACS) Linked to the Wells Fargo Business Development Company Index due May 24 2041,BDCL,86
RTI,Boston Properties Inc.,BXP,90
365 Retail Markets,Invesco BLDRS Developed Markets 100 ADR Index Fund,ADRD,86
MyJobHelper.com,Altisource Asset Management Corp Com,AAMC,86
Zenius Corporation,Atlantic American Corporation,AAME,86
Hayden Outdoors,,NOT FOUND,0
RedTeam Software,American Software Inc. Class A Common Stock,AMSWA,86
Gunderson Direct,Issuer Direct Corporation,ISDR,86
Daitan Group,American Airlines Group Inc.,AAL,86
Facebook,Facebook Inc.,FB,90
Copy & Art Advertising,,NOT FOUND,0
Righteous Gelato,,NOT FOUND,0
VELOX Media,Liberty Media Corporation Series A Liberty Braves Common Stock,BATRA,86
Pearce Services,Advanced Disposal Services Inc.,ADSW,86
AgileEngine,,NOT FOUND,0
BrD Brasil Distressed,Banco Santander Brasil SA American Depositary Shares each representing one unit,BSBR,86
KnightsbridgeFX.com,Altisource Asset Management Corp Com,AAMC,86
ServiceNow,ServiceNow Inc.,NOW,95
QUICK HELP,,NOT FOUND,0
Dig insights,,NOT FOUND,0
Griaule,,NOT FOUND,0
Nutanix,Nutanix Inc.,NTNX,90
ATCS,,NOT FOUND,0
M.I.T. Consulting,Advance Auto Parts Inc W/I,AAP,86
TDK Technologies,Agilent Technologies Inc.,A,86
Buysoft,,NOT FOUND,0
Denny Cherry & Associates Consulting,Denny's Corporation,DENN,86
PPT Consulting,Huron Consulting Group Inc.,HURN,86
SandTech Solutions,Advanced Emissions Solutions Inc.,ADES,86
Yext,Yext Inc.,YEXT,90
Pluralsight,Pluralsight Inc.,PS,95
City Brew Tours,Craft Brew Alliance Inc.,BREW,86
Canada Goose Holdings,Canada Goose Holdings Inc. Subordinate,GOOS,90
RingCentral,Ringcentral Inc. Class A,RNG,90
Parsonex,,NOT FOUND,0
Vendasta,,NOT FOUND,0
Techaxis,,NOT FOUND,0
Napkyn Analytics,Helios and Matheson Analytics Inc,HMNY,86
Clear Touch,Clear Channel Outdoor Holdings Inc. Class A,CCO,86
Cabelauto Condutores Eltricos,,NOT FOUND,0
Domo,Domo Inc.,DOMO,90
AMERICA ENERGIA SA,AC Immune SA,ACIU,86
Wayne Contracting,,NOT FOUND,0
Chef Burger,,NOT FOUND,0
Crimson Agility,,NOT FOUND,0
Helcim,,NOT FOUND,0
Regional Centers Holding Group,American Equity Investment Life Holding Company,AEL,86
Netflix,Netflix Inc.,NFLX,90
Moove It,IT Tech Packaging Inc.,ITP,86
Giatec,,NOT FOUND,0
Fulcrum Digital,Digital Realty Trust Inc.,DLR,86
Health Company,Acadia Healthcare Company Inc.,ACHC,86
CloudOps,,NOT FOUND,0
Operando Medicos & Quirurgicos,,NOT FOUND,0
Etsy,Etsy Inc.,ETSY,90
Pravaler,,NOT FOUND,0
Blue Label Labs,Blue Apron Holdings Inc. Class A,APRN,86
airbnb,,NOT FOUND,0
SMART,CubeSmart,CUBE,90
Merrimak Capital Company,American Equity Investment Life Holding Company,AEL,86
Jeni's Splendid Ice Creams,Aaron's Inc.,AAN,86
D2C Media,Liberty Media Corporation Series A Liberty Braves Common Stock,BATRA,86
ThinkNow,,NOT FOUND,0
Atlantic Petroleum & Mineral Resources,Alta Mesa Resources Inc.,AMR,86
Bandwave Systems**,Alliance Data Systems Corporation,ADS,86
Maantic,,NOT FOUND,0
Isaac Operations,,NOT FOUND,0
Blue Wheel,Blue Apron Holdings Inc. Class A,APRN,86
Biz2Credit,,NOT FOUND,0
Mindgrub,,NOT FOUND,0
Vetsource,Eversource Energy (D/B/A),ES,80
MB FILM,MB Financial Inc.,MBFI,86
AMC Bridge,AMC Entertainment Holdings Inc. Class A,AMC,86
Atlas MedStaff,Atlas Air Worldwide Holdings,AAWW,86
TopRight,,NOT FOUND,0
NextHome,,NOT FOUND,0
Performive,,NOT FOUND,0
EMAE,,NOT FOUND,0
Santo Fro - Santo Verde,,NOT FOUND,0
Huss Brewing Company,Archer-Daniels-Midland Company,ADM,86
CM Heating,CM Seven Star Acquisition Corporation,CMSS,86
Illuminas,,NOT FOUND,0
Colmedicos SAS,,NOT FOUND,0
Bright Power,American Electric Power Company Inc.,AEP,86
Complete Network,DISH Network Corporation,DISH,86
LFS,,NOT FOUND,0
CANEI Corporation,Chase Corporation,CCF,88
vTech Solution,Cognizant Technology Solutions Corporation,CTSH,80
Waggl,,NOT FOUND,0
Aureus Tech Systems,Alliance Data Systems Corporation,ADS,86
DBSync,,NOT FOUND,0
Tundra Technical Solutions,Broadridge Financial Solutions Inc.Common Stock,BR,86
CCM Industria e Comercio de Produtos Descartaveis,Banco De Chile ADS,BCH,86
Aligned Technology Solutions,ASE Technology Holding Co. Ltd. American Depositary Shares (each representing Two),ASX,86
PLAXMETAL,,NOT FOUND,0
Soufer,,NOT FOUND,0
NUTRABIOTICS,,NOT FOUND,0
Universal Display Corporation,Universal Display Corporation,OLED,100
Norada Real Estate Investments,IQ Real Return,CPI,86
Johanna Ortiz,,NOT FOUND,0
DENTAL 83,,NOT FOUND,0
Rainmaker Ad Ventures,Gold Standard Ventures Corporation (Canada),GSV,86
SummusGroup,,NOT FOUND,0
Stewardship,Stewardship Financial Corp,SSFN,90
Country Fresh,iShares MSCI All Country Asia ex Japan Index Fund,AAXJ,86
Network Media Group,ADDvantage Technologies Group Inc.,AEY,86
R2i,,NOT FOUND,0
The Marquee Group,American Airlines Group Inc.,AAL,86
Synergy Settlement Services,Concord Medical Services Holdings Limited ADS (Each represents three),CCM,86
Titan Home Improvement,Fortune Brands Home & Security Inc.,FBHS,86
Rev.io,REV Group Inc.,REVG,86
AArete,,NOT FOUND,0
twelveNYC,,NOT FOUND,0
Organika Health Products,China Biologic Products Holdings Inc.,CBPO,86
Criterion Systems,Alliance Data Systems Corporation,ADS,86
Abby's Catering,Ambev S.A. American Depositary Shares (Each representing 1),ABEV,86
Zogics,,NOT FOUND,0
Monkhouse Law Employment Lawyers,,NOT FOUND,0
ITI,AMCI Acquisition Corp.,AMCI,90
York Property Services,American Shared Hospital Services,AMS,86
Beam,,NOT FOUND,0
Grupo Roncador,Grupo Aeroportuario del Sureste S.A. de C.V.,ASR,86
Cogent Analytics,Cogent Communications Holdings Inc.,CCOI,86
Adapt2 Solutions,Advanced Emissions Solutions Inc.,ADES,86
ClickDimensions,,NOT FOUND,0
Supernus Pharmaceuticals,Supernus Pharmaceuticals Inc.,SUPN,95
Harmonic Machine,Chicago Rivet & Machine Co.,CVR,86
QuickContractors.com,Altisource Asset Management Corp Com,AAMC,86
StarCompliance,,NOT FOUND,0
RodOil,,NOT FOUND,0
Veeam Software**,American Software Inc. Class A Common Stock,AMSWA,86
UruIT,,NOT FOUND,0
I.T. Works Recruitment,Air T Inc.,AIRT,86
Triad Components Group,ADDvantage Technologies Group Inc.,AEY,86
Occams Advisory,,NOT FOUND,0
Eco Lips,ReTo Eco-Solutions Inc.,RETO,86
Infoverity,,NOT FOUND,0
Jane,,NOT FOUND,0
Binatural,,NOT FOUND,0
ADRIA Power Systems,Alliance Data Systems Corporation,ADS,86
Fors Marsh Group,American Airlines Group Inc.,AAL,86
Million Dollar Baby Co.,ASE Technology Holding Co. Ltd. American Depositary Shares (each representing Two),ASX,86
Gauvreau CPA,,NOT FOUND,0
SICOOB CREDIP,,NOT FOUND,0
UserTesting,,NOT FOUND,0
EDG,Edge Therapeutics Inc.,EDGE,90
Buildingstars of Charlotte,Aluminum Corporation of China Limited American Depositary Shares,ACH,86
Firebird AST,,NOT FOUND,0
NamSys,,NOT FOUND,0
ISHIR,,NOT FOUND,0
BAIRD SERVICE,Connecticut Water Service Inc.,CTWS,86
The Agency,The AES Corporation,AES,86
Very,Avery Dennison Corporation,AVY,90
MedSpeed,,NOT FOUND,0
Hassmann,,NOT FOUND,0
24 Hour Home Care,Edgewell Personal Care Company,EPC,86
DashThis,,NOT FOUND,0
